<?xml version="1.0" encoding="UTF-8"?><?xml-stylesheet  type="text/xsl" href="cda.xsl"?><!--*******  This sample eICR file is compiled by an eICR generator utility.  *******--><!--File:      CDAR2_IG_PHCASERPT_R2_STU1dot1_GeneratedSample_eICR_TC-eCR-TC-COVID_LabNeg.xml--><!--Specification:      Public Health Case Report, Release 1, STU Release 1.1 - US Realm--><!--Disclaimer: 
    This sample file is informative only.
    This sample file contains representative data elements from the eICR IG. 
    The file depicts a fictional character's health data. Any resemblance to a real person is coincidental.
    To illustrate as many data elements as possible, the clinical scenario may not be entirely plausible. 
    The data in this sample file is not intended to represent a real patients, people or clinical events. 
    This sample is designed to be used in conjunction with the eICR IG.
     
    Where guidance has been given to the conformance or cardinality of elements or
    attributes and there is a discrepancy with the IG, the IG is always the normative
    source of truth.
    
    Please note:  This sample is valid against the Schema and Schematron for ERRORS (not warnings). 
    Logical schematron WARNINGS will generate from the sample file. 
    It is logical to generate a samples file from a system with valid warnings.--><!--    Templates are identified in comments above their template id.  
    The IG in which the template version was first published is identified in square brackets before the template name.
    
    e.g.: [C-CDA 2.1] Continuity of Care (CCD) (V3)       indicates that the Discharge Summary (V3) template was first published in IG C-CDA R2.1
          [C-CDA R2.0] Plan of Treatment Section (V2)     indicates that the Plan of Treatment Section (V2) template was first published in IG C-CDA R2.0
          [C-CDA R1.1] History of Present Illness Section indicates that the Hospital Course Section was first published in IG C-CDA R1.1
          
    Even though all 3 templates above are included in IG C-CDA 2.1, because there have been no new versions of 
    the History of Present Illness Section template in IGs later than C-CDA R1.1, it is considered to be published in R1.1. 
    Similarly, there have been no new versions of the Plan of Treatment Section template later than C-CDA R.2 so it 
    is considered to be published in R2.0.--><!--    While assertion of conformance with both C-CDA R2.1 and C-CDA R1.1 is NOT a requirement of the eICR IG, it is recommended that, if the 
    originating system includes both the versioned and un-versioned templateId, then both these templateIds SHOULD be preserved in the eICR document.
    The examples and sample file included with this IG illustrate the optional use of the C-CDA R1.1 templateId.--><!--******************************************************** CDA Header ********************************************************--><!--US Realm Header template-->
<ClinicalDocument xsi:schemaLocation="urn:hl7-org:v3 ../../schema/infrastructure/cda/CDA_SDTC.xsd"
    xmlns:sdtc="urn:hl7-org:sdtc" xmlns:cda="urn:hl7-org:v3" xmlns="urn:hl7-org:v3"
    xmlns:voc="http://www.lantanagroup.com/voc"
    xmlns:xsi="http://www.w3.org/2001/XMLSchema-instance">
    <realmCode code="US"/>
    <typeId root="2.16.840.1.113883.1.3" extension="POCD_HD000040"
        ><!--[C-CDA R1.1] US Realm Header--></typeId>
    <templateId root="2.16.840.1.113883.10.20.22.1.1"
        ><!-- [C-CDA R2.1] US Realm Header (V3) --></templateId>
    <templateId root="2.16.840.1.113883.10.20.22.1.1" extension="2015-08-01"
        ><!--[eICR R2 STU1.1] Initial Public Health Case Report Document (eICR) (V2) --></templateId>
    <templateId root="2.16.840.1.113883.10.20.15.2" extension="2016-12-01"/>
    <id root="40fc3506-f9c2-45bf-a4f8-cbfe5cf744e8"
        ><!--Globally unique document ID (extension) is scoped by vendor/software--></id>
    <code code="55751-2" displayName="Public Health Case Report" codeSystem="2.16.840.1.113883.6.1"
        codeSystemName="LOINC"><!--Document Code--></code>
    <title>Initial Public Health Case Report</title>
    <effectiveTime value="20200505150045-0400"/>
    <confidentialityCode code="N" displayName="Normal" codeSystem="2.16.840.1.113883.5.25"/>
    <languageCode code="en-US"/>
    <recordTarget>
        <!--******************************************************** recordTarget: The patient ********************************************************-->
        <patientRole>
            <id extension="PT-470125" root="2.16.840.1.113883.19.5"><!--Patient ID--></id>
            <!--SSN-->
            <id extension="333-33-3333" root="2.16.840.1.113883.4.1" />
            <addr use="H"><streetAddressLine>0987 Home Street</streetAddressLine>
                <city>Provo</city>
                <state>UT</state>
                <postalCode>84601</postalCode>
                <county/>
                <country>US</country>
            </addr>
            <telecom use="HP" value="tel:555-555-2003"/>
            <telecom use="HP" value=""/>
            <patient>
                <name use="L"><given>Everyman</given>
                    <family>Adam</family>
                </name>
                <administrativeGenderCode code="M" codeSystem="2.16.840.1.113883.5.1"
                    displayName="Male"/>
                <birthTime value="19670913"/>
                <sdtc:deceasedInd value="false"/>
                <raceCode code="2028-9" displayName="Asian" codeSystem="2.16.840.1.113883.6.238"
                    codeSystemName="Race &amp; Ethnicity - CDC"/>
                <ethnicGroupCode code="2186-5" displayName="Not Hispanic or Latino"
                    codeSystem="2.16.840.1.113883.6.238" codeSystemName="Race &amp; Ethnicity - CDC"/>
                <languageCommunication>
                    <languageCode code="en"/>
                    <preferenceInd value="true"/>
                </languageCommunication>
            </patient>
        </patientRole>
    </recordTarget>
    <author>
        <!--Author/authenticator may be software or may be a provider such as "infection control professional"-->
        <time value="20200505150045-0400"/>
        <assignedAuthor>
            <id root="2.16.840.1.113883.3.72.5.20"/>
            <addr use="WP"><streetAddressLine>1002 Healthcare Drive</streetAddressLine>
                <city>Provo</city>
                <state>UT</state>
                <postalCode>84601</postalCode>
                <county/>
                <country/>
            </addr>
            <telecom use="WP" value="tel:555-777-0123"/>
            <telecom use="WP" value="fax:555-777-0987"/>
            <assignedAuthoringDevice>
                <manufacturerModelName displayName="TBD Device"/>
                <softwareName/>
            </assignedAuthoringDevice>
        </assignedAuthor>
    </author>
    <custodian>
        <assignedCustodian>
            <representedCustodianOrganization>
                <id extension="TBDFacility#" root="2.16.840.1.113883.4.6"><!--Custodian ID--></id>
                <name>Provo Outpatient Clinic</name>
                <telecom use="WP" value="tel:555-777-0123"/>
                <addr use="WP"><streetAddressLine>1002 Healthcare Drive</streetAddressLine>
                    <city>Provo</city>
                    <state>UT</state>
                    <postalCode>84601</postalCode>
                    <county/>
                    <country/>
                </addr>
            </representedCustodianOrganization>
        </assignedCustodian>
    </custodian>
    <componentOf>
        <!--******************************************************** componentOf: contains the encompassingEncouter and the provider and facility infomation for the case ********************************************************-->
        <encompassingEncounter>
            <id extension="9937014" root="2.16.840.1.113883.19"><!--encounter ID--></id>
            <code code="99213" displayName="Office outpatient visit 15 minutes"
                codeSystem="2.16.840.1.113883.6.12" codeSystemName="CPT-4">
                <translation code="AMB" displayName="Ambulatory" codeSystem="2.16.840.1.113883.5.4"
                    codeSystemName="HL7 ActEncounterCode"
                    ><!--ActClassEncounterCodes - high level--></translation>
            </code>
            <effectiveTime>
                <low value="20200512"/>
                <high value="20200512"/>
            </effectiveTime>
            <responsibleParty>
                <assignedEntity>
                    <id root="2.16.840.1.113883.4.6" extension="66666666666"><!--Provider ID--></id>
                    <addr use="H"><streetAddressLine>1002 Healthcare Drive</streetAddressLine>
                        <city>Provo</city>
                        <state>UT</state>
                        <postalCode>84601</postalCode>
                        <county/>
                        <country>US</country>
                    </addr>
                    <telecom use="WP" value="tel:555-777-0123"/>
                    <telecom use="WP" value="fax:555-777-0987"/>
                    <assignedPerson>
                        <name><given>Harold</given>
                            <family>Hippocrates</family>
                            <suffix>MD</suffix>
                        </name>
                    </assignedPerson>
                    <representedOrganization>
                        <id extension="TBDFacility#" root="2.16.840.1.113883.4.6"
                            ><!--Represented Organization--></id>
                        <name>Provo Outpatient Clinic<!--Provider Facility/Office Name--></name>
                        <addr use="WP"><streetAddressLine>1002 Healthcare Drive</streetAddressLine>
                            <city>Provo</city>
                            <state>UT</state>
                            <postalCode>84601</postalCode>
                            <county/>
                            <country/>
                        </addr>
                    </representedOrganization>
                </assignedEntity>
            </responsibleParty>
            <location>
                <healthCareFacility>
                    <id extension="2365" root="2.16.840.1.113883.4.6"><!--Facility ID--></id>
                    <code code="OF" displayName="Outpatient Facility"
                        codeSystem="2.16.840.1.113883.5.111" codeSystemName="HL7RoleCode"
                        ><!--Facility location within larger healthcare organization e.g Kaiser Vacaville within Kaiser North--></code>
                    <location>
                        <addr use="WP"><streetAddressLine>1002 Healthcare Drive</streetAddressLine>
                            <city>Provo</city>
                            <state>UT</state>
                            <postalCode>84601</postalCode>
                            <county/>
                            <country/>
                        </addr>
                    </location>
                    <serviceProviderOrganization>
                        <name>Provo Outpatient Clinic<!--Provider Facility/Office Name--></name>
                        <telecom use="WP" value="tel:555-777-0123"/>
                        <telecom use="WP" value="fax:555-777-0987"/>
                        <addr use="WP"><streetAddressLine>1002 Healthcare Drive</streetAddressLine>
                            <city>Provo</city>
                            <state>UT</state>
                            <postalCode>84601</postalCode>
                            <county/>
                            <country/>
                        </addr>
                    </serviceProviderOrganization>
                </healthCareFacility>
            </location>
        </encompassingEncounter>
    </componentOf>
    <component>
        <structuredBody>
            <component>
                <!--******************************************************** Encounters Section ********************************************************-->
                <section>
                    <!--[C-CDA R1.1] Encounters Section (entries optional)-->
                    <templateId root="2.16.840.1.113883.10.20.22.2.22"/>
                    <!--[C-CDA R2.1] Encounters Section (entries optional) (V3)-->
                    <templateId root="2.16.840.1.113883.10.20.22.2.22" extension="2015-08-01"/>
                    <templateId root="2.16.840.1.113883.10.20.22.2.22.1"/>
                    <!-- [C-CDA R2.1] Encounters Section (entries required) (V3)-->
                    <templateId root="2.16.840.1.113883.10.20.22.2.22.1" extension="2015-08-01"/>
                    <code code="46240-8" displayName="History of encounters"
                        codeSystem="2.16.840.1.113883.6.1" codeSystemName="LOINC"/>
                    <title>Encounters</title>
                    <text><table>
                            <col width="15%"/>
                            <col width="15%"/>
                            <col width="15%"/>
                            <col width="15%"/>
                            <col width="15%"/>
                            <col width="15%"/>
                            <col width="15%"/>
                            <col width="15%"/>
                            <col width="15%"/>
                            <col width="15%"/>
                            <thead>
                                <tr>
                                    <th>Encounter</th>
                                    <th>Date(s)</th>
                                    <th>Location</th>
                                </tr>
                            </thead>
                            <tbody>
                                <tr ID="id_9543eeed-b087-4014-bbdd-2f4b4a182e81_ref">
                                    <td>Office outpatient visit 15 minutes</td>
                                    <td>05/12/2020</td>
                                    <td>Provo Outpatient Clinic</td>
                                </tr>
                                <tr>
                                    <td><list styleCode="none">
                                            <item><table>
                                                  <col width="15%"/>
                                                  <col width="15%"/>
                                                  <col width="15%"/>
                                                  <col width="15%"/>
                                                  <col width="15%"/>
                                                  <col width="15%"/>
                                                  <col width="15%"/>
                                                  <col width="15%"/>
                                                  <col width="15%"/>
                                                  <col width="15%"/>
                                                  <thead>
                                                  <tr>
                                                  <th/>
                                                  </tr>
                                                  </thead>
                                                  <tbody>
                                                  <tr>
                                                  <td/>
                                                  </tr>
                                                  </tbody>
                                                </table>
                                            </item>
                                        </list>
                                    </td>
                                </tr>
                            </tbody>
                        </table>
                    </text>
                    <entry typeCode="DRIV">
                        <!---->
                        <encounter moodCode="EVN" classCode="ENC">
                            <!--[C-CDA R1.1] Encounter Activities-->
                            <templateId root="2.16.840.1.113883.10.20.22.4.49"/>
                            <!--[C-CDA R2.1] Encounter Activities (V3)-->
                            <templateId root="2.16.840.1.113883.10.20.22.4.49"
                                extension="2015-08-01"/>
                            <id root="9543eeed-b087-4014-bbdd-2f4b4a182e81"/>
                            <code code="99213" displayName="Office outpatient visit 15 minutes"
                                codeSystem="2.16.840.1.113883.6.12" codeSystemName="CPT-4"/>
                            <effectiveTime value="20200512"/>
                        </encounter>
                    </entry>
                </section>
            </component>
            <component>
                <!--******************************************************** History of Present Illness Section ********************************************************-->
                <section>
                    <templateId root="1.3.6.1.4.1.19376.1.5.3.1.3.4"/>
                    <code code="10164-2" displayName="History of Present Illness"
                        codeSystem="2.16.840.1.113883.6.1" codeSystemName="LOINC"/>
                    <title>History of Present Illness</title>
                    <text mediaType="text/x-hl7-text+xml"><paragraph>Patient thinks he was in
                            contact with a COVID-10 positive person; </paragraph>
                    </text>
                </section>
            </component>
            <component>
                <!--******************************************************** Medications Administered Section ********************************************************-->
                <section nullFlavor="NI">
                    <!--[C-CDA R1.1] Medications Administered Section-->
                    <templateId root="2.16.840.1.113883.10.20.22.2.38"/>
                    <!--[C-CDA R2.0] Medications Administered Section (V2) -->
                    <templateId root="2.16.840.1.113883.10.20.22.2.38" extension="2014-06-09"/>
                    <code code="29549-3" displayName="Medications Administered"
                        codeSystem="2.16.840.1.113883.6.1" codeSystemName="LOINC"/>
                    <title>Medications Administered</title>
                    <text>No medications administered</text>
                </section>
            </component>
            <component>
                <!--******************************************************** Problems Section ********************************************************-->
                <section nullFlavor="NI">
                    <!--[C-CDA R1.1] Problem Section (entries optional)-->
                    <templateId root="2.16.840.1.113883.10.20.22.2.5"/>
                    <!--[C-CDA R2.1] Problem Section (entries optional) (V3)-->
                    <templateId root="2.16.840.1.113883.10.20.22.2.5" extension="2015-08-01"/>
                    <!--[C-CDA R1.1] Problem Section (entries required)-->
                    <templateId root="2.16.840.1.113883.10.20.22.2.5.1"/>
                    <!-- [C-CDA R2.1] Problem Section (entries required) (V3)-->
                    <templateId root="2.16.840.1.113883.10.20.22.2.5.1" extension="2015-08-01"/>
                    <code code="11450-4" displayName="Problem List"
                        codeSystem="2.16.840.1.113883.6.1" codeSystemName="LOINC"/>
                    <title>Problem List</title>
                    <text>No problems reported</text>
                </section>
            </component>
            <component>
                <!--******************************************************** Reason for visit Section ********************************************************-->
                <section>
                    <templateId root="2.16.840.1.113883.10.20.22.2.12"/>
                    <code code="29299-5" displayName="Reason for visit"
                        codeSystem="2.16.840.1.113883.6.1" codeSystemName="LOINC"/>
                    <title>Reason for visit</title>
                    <text><paragraph>Patient thinks he was in contact with a COVID-10 positive
                            person </paragraph>
                    </text>
                </section>
            </component>
            <component>
                <!--******************************************************** Results Section ********************************************************-->
                <section>
                    <!--[C-CDA R1.1] Results Section (entries optional)-->
                    <templateId root="2.16.840.1.113883.10.20.22.2.3"/>
                    <!--[C-CDA R2.1] Results Section (entries optional) (V3)-->
                    <templateId root="2.16.840.1.113883.10.20.22.2.3" extension="2015-08-01"/>
                    <!--[C-CDA R1.1] Results Section (entries required)-->
                    <templateId root="2.16.840.1.113883.10.20.22.2.3.1"/>
                    <!-- [C-CDA R2.1] Results Section (entries required) (V3)-->
                    <templateId root="2.16.840.1.113883.10.20.22.2.3.1" extension="2015-08-01"/>
                    <code code="30954-2"
                        displayName="Relevant diagnostic tests and/or laboratory data"
                        codeSystem="2.16.840.1.113883.6.1" codeSystemName="LOINC"/>
                    <title>Results</title>
                    <text><table>
                            <col width="15%"/>
                            <col width="15%"/>
                            <col width="15%"/>
                            <col width="15%"/>
                            <col width="15%"/>
                            <col width="15%"/>
                            <col width="15%"/>
                            <col width="15%"/>
                            <col width="15%"/>
                            <col width="15%"/>
                            <thead>
                                <tr>
                                    <th>Results Panel</th>
                                    <th>Date(s)</th>
                                </tr>
                            </thead>
                            <tbody>
                                <tr ID="id_6b8ef6f1-ab4e-4306-a827-c620fd68f2fc_ref">
                                    <td>SARS-related coronavirus RNA [Presence] in Unspecified
                                        specimen by NAA with probe detection </td>
                                    <td/>
                                </tr>
                                <tr>
                                    <td><list styleCode="none">
                                            <item><paragraph>*** In the table below, row entries
                                                  with values under RCTC columns triggered this
                                                  Electronic Initial Case Report (eICR)</paragraph>
                                                <table>
                                                  <col width="15%"/>
                                                  <col width="15%"/>
                                                  <col width="15%"/>
                                                  <col width="15%"/>
                                                  <col width="15%"/>
                                                  <col width="15%"/>
                                                  <col width="15%"/>
                                                  <col width="15%"/>
                                                  <col width="15%"/>
                                                  <col width="15%"/>
                                                  <thead>
                                                  <tr>
                                                  <th>Test</th>
                                                  <th>Lab Test RCTC OID ***</th>
                                                  <th>Lab Test RCTC Version ***</th>
                                                  <th>Outcome</th>
                                                  <th>Date(s)</th>
                                                  <th>Lab Result RCTC OID ***</th>
                                                  <th>Lab Result RCTC Version ***</th>
                                                  </tr>
                                                  </thead>
                                                  <tbody>
                                                  <tr
                                                  ID="id_d246c096-794e-4398-8a9d-d5efc39df033_ref">
                                                  <td>SARS-related coronavirus RNA [Presence] in
                                                  Unspecified specimen by NAA with probe detection </td>
                                                  <td>2.16.840.1.114222.4.11.7508</td>
                                                  <td>20200429</td>
                                                  <td>Not Detected</td>
                                                  <td>05/13/2020</td>
                                                  <td/>
                                                  <td/>
                                                  </tr>
                                                  </tbody>
                                                </table>
                                            </item>
                                        </list>
                                    </td>
                                </tr>
                            </tbody>
                        </table>
                    </text>
                    <entry typeCode="DRIV">
                        <!---->
                        <organizer moodCode="EVN" classCode="BATTERY">
                            <!--[C-CDA R1.1] Result Organizer -->
                            <templateId root="2.16.840.1.113883.10.20.22.4.1"/>
                            <!--[C-CDA R2.1] Result Organizer (V3)-->
                            <templateId root="2.16.840.1.113883.10.20.22.4.1" extension="2015-08-01"/>
                            <id root="6b8ef6f1-ab4e-4306-a827-c620fd68f2fc"/>
                            <code code="94647-5"
                                displayName="SARS-related coronavirus RNA [Presence] in Unspecified specimen by NAA with probe detection "
                                codeSystem="2.16.840.1.113883.6.1" codeSystemName="LOINC"/>
                            <statusCode code="completed"/>
                            <effectiveTime>
                                <low value="20200513"/>
                                <high value="20200513"/>
                            </effectiveTime>
                            <component>
                                <observation moodCode="EVN" classCode="OBS">
                                    <!--[C-CDA R1.1] Result Observation -->
                                    <templateId root="2.16.840.1.113883.10.20.22.4.2"/>
                                    <!--[C-CDA R2.1] Result Observation (V3)-->
                                    <templateId root="2.16.840.1.113883.10.20.22.4.2"
                                        extension="2015-08-01"/>
                                    <templateId root="2.16.840.1.113883.10.20.15.2.3.2"
                                        extension="2016-12-01"/>
                                    <!--[eICR R2 STU1.1] Initial Case Report Trigger Code Result Observation-->
                                    <id root="d246c096-794e-4398-8a9d-d5efc39df033"/>
                                    <code code="94647-5"
                                        displayName="SARS-related coronavirus RNA [Presence] in Unspecified specimen by NAA with probe detection "
                                        codeSystem="2.16.840.1.113883.6.1" codeSystemName="LOINC"
                                        xsi:type="CD" sdtc:valueSet="2.16.840.1.114222.4.11.7508"
                                        sdtc:valueSetVersion="20200429"/>
                                    <statusCode code="completed"/>
                                    <effectiveTime value="20200513"/>
                                    <value xsi:type="CD" code="260415000" displayName="Not Detected"
                                        codeSystem="2.16.840.1.113883.6.96"
                                        codeSystemName="SNOMED-CT"/>
                                </observation>
                            </component>
                        </organizer>
                    </entry>
                </section>
            </component>
            <component>
                <!--******************************************************** Plan of Care/Treatment Section ********************************************************-->
                <section>
                    <!--[C-CDA R1.1] Plan of Care Section new-->
                    <templateId root="2.16.840.1.113883.10.20.22.2.22.1"/>
                    <templateId root="2.16.840.1.113883.10.20.22.2.22.1" extension="2014-06-09"/>
                    <code code="18776-5" displayName="Plan of Treatment"
                        codeSystem="2.16.840.1.113883.6.1" codeSystemName="LOINC"/>
                    <title>Plan of Treatment</title>
                    <text><paragraph>*** In the table below, row entries with values under RCTC
                            columns triggered this Electronic Initial Case Report (eICR)</paragraph>
                        <table>
                            <col width="15%"/>
                            <col width="15%"/>
                            <col width="15%"/>
                            <col width="15%"/>
                            <col width="15%"/>
                            <col width="15%"/>
                            <col width="15%"/>
                            <col width="15%"/>
                            <col width="15%"/>
                            <col width="15%"/>
                            <thead>
                                <tr>
                                    <th>Lab Test Order</th>
                                    <th>Code</th>
                                    <th>CodeSystem</th>
                                    <th>RCTC OID ***</th>
                                    <th>RCTC Version ***</th>
                                    <th>Ordered Date</th>
                                </tr>
                            </thead>
                            <tbody>
                                <tr ID="id_d779f48e-a3d1-4c90-94b6-82a81cda24f3_ref">
                                    <td>SARS-related coronavirus RNA [Presence] in Unspecified
                                        specimen by NAA with probe detection </td>
                                    <td>94647-5</td>
                                    <td>LOINC</td>
                                    <td/>
                                    <td/>
                                    <td>05/12/2020</td>
                                </tr>
                            </tbody>
                        </table>
                    </text>
                    <entry typeCode="DRIV">
                        <!--This is a request for a test to be performed (a lab test order)-->
                        <observation moodCode="RQO" classCode="OBS">
                            <!--[C-CDA R1.1] Plan of Care Activity Observation-->
                            <templateId root="2.16.840.1.113883.10.20.22.4.44"/>
                            <!--[C-CDA R2.0] Planned Observation (V2)-->
                            <templateId root="2.16.840.1.113883.10.20.22.4.44"
                                extension="2014-06-09"/>
                            <id root="d779f48e-a3d1-4c90-94b6-82a81cda24f3"/>
                            <code code="94647-5"
                                displayName="SARS-related coronavirus RNA [Presence] in Unspecified specimen by NAA with probe detection "
                                codeSystem="2.16.840.1.113883.6.1" codeSystemName="LOINC"/>
                            <statusCode code="active"/>
                            <effectiveTime value="20200512"/>
                        </observation>
                    </entry>
                </section>
            </component>
            <component>
                <!--******************************************************** Social History Section ********************************************************-->
                <section>
                    <!-- [C-CDA 1.1] Social History Section-->
                    <templateId root="2.16.840.1.113883.10.20.22.2.17"/>
                    <!--[C-CDA 2.1] Social History Section (V3)-->
                    <templateId root="2.16.840.1.113883.10.20.22.2.17" extension="2015-08-01"/>
                    <code code="29762-2" displayName="Social History"
                        codeSystem="2.16.840.1.113883.6.1" codeSystemName="LOINC"/>
                    <title>Social History</title>
                    <text><table>
                            <col width="10%"/>
                            <col width="10%"/>
                            <col width="10%"/>
                            <col width="10%"/>
                            <col width="10%"/>
                            <col width="10%"/>
                            <col width="10%"/>
                            <col width="10%"/>
                            <col width="10%"/>
                            <col width="10%"/>
                            <thead>
                                <tr>
                                    <th>Birth Sex</th>
                                    <th>Value</th>
                                    <th>Date</th>
                                </tr>
                            </thead>
                            <tbody>
                                <tr>
                                    <td>Sex Assigned At Birth</td>
                                    <td>Male</td>
                                    <td>09/13/1967</td>
                                </tr>
                            </tbody>
                        </table>
                        <table>
                            <col width="10%"/>
                            <col width="10%"/>
                            <col width="10%"/>
                            <col width="10%"/>
                            <col width="10%"/>
                            <col width="10%"/>
                            <col width="10%"/>
                            <col width="10%"/>
                            <col width="10%"/>
                            <col width="10%"/>
                            <thead>
                                <tr>
                                    <th>Social History Observation Type</th>
                                    <th>Value</th>
                                    <th>Dates(s)</th>
                                </tr>
                            </thead>
                            <tbody>
                                <tr ID="id_14ba4186-419e-4777-b65b-11ea1b21cfe8_ref">
                                    <td>Occupation / Employment details</td>
                                    <td/>
                                    <td/>
                                </tr>
                            </tbody>
                        </table>
                    </text>
                    <entry typeCode="DRIV">
                        <observation moodCode="EVN" classCode="OBS">
                            <!--[C-CDA R2.1 Companion Guide] Birth Sex Observation -->
                            <templateId root="2.16.840.1.113883.10.20.22.4.200"/>
                            <templateId root="2.16.840.1.113883.10.20.22.4.200"
                                extension="2016-06-01"/>
                            <code code="76689-9" displayName="Sex Assigned At Birth"
                                codeSystem="2.16.840.1.113883.6.1" codeSystemName="LOINC"/>
                            <statusCode code="completed"/>
                            <effectiveTime value="19670913"
                                ><!--effectiveTime if present should match birthTime--></effectiveTime>
                            <value code="M" displayName="Male" codeSystem="2.16.840.1.113883.5.1"
                                codeSystemName="AdministrativeGender" xsi:type="CD"/>
                        </observation>
                    </entry>
                </section>
            </component>
        </structuredBody>
    </component>
</ClinicalDocument>
